event_id,event_type,activity,start_time,end_time,robot_id,mission_id,segment_id
e1,Control,undock,2026-08-27T19:24:49.520264,2026-08-27T19:24:53.523309,robot1,m3,s5
e2,Control,move_to,2026-08-27T19:24:53.524150,2026-08-27T19:25:18.269685,robot1,m3,s5
e3,Task,check_room,2026-08-27T19:25:18.271585,2026-08-27T19:25:25.777493,robot1,m3,s5
e4,Control,move_to,2026-08-27T19:25:26.520825,2026-08-27T19:25:41.087879,robot1,m3,s2
e5,Task,vacuum,2026-08-27T19:25:41.089879,2026-08-27T19:25:51.597840,robot1,m3,s2
e6,Control,move_to,2026-08-27T19:25:52.518790,2026-08-27T19:25:56.998546,robot1,m3,s4
e7,Task,vacuum,2026-08-27T19:25:57.001402,2026-08-27T19:26:11.009151,robot1,m3,s4
e8,Control,move_to,2026-08-27T19:26:11.512600,2026-08-27T19:26:14.347244,robot1,m3,s7
e9,Task,vacuum,2026-08-27T19:26:14.350252,2026-08-27T19:26:24.859834,robot1,m3,s7
e10,Control,move_to,2026-08-27T19:26:25.516794,2026-08-27T19:26:39.662278,robot1,m3,s8
e11,Task,vacuum,2026-08-27T19:26:39.662962,2026-08-27T19:27:04.165352,robot1,m3,s8
e12,Control,move_to,2026-08-27T19:27:04.504980,2026-08-27T19:27:22.623012,robot1,m3,s3
e13,Task,disinfect,2026-08-27T19:27:22.625058,2026-08-27T19:27:36.630129,robot1,m3,s3
e14,Task,final_room_check,2026-08-27T19:27:39.514495,2026-08-27T19:27:50.022404,robot1,m3,s3
e15,Control,move_to,2026-08-27T19:27:50.499771,2026-08-27T19:28:39.332304,robot1,m3,s11
e16,Task,vacuum,2026-08-27T19:28:39.334558,2026-08-27T19:29:00.342048,robot1,m3,s11
e17,Control,move_to,2026-08-27T19:29:00.515725,2026-08-27T19:29:15.081763,robot1,m3,s14
e18,Task,vacuum,2026-08-27T19:29:15.084100,2026-08-27T19:29:29.091167,robot1,m3,s14
e19,Control,move_to,2026-08-27T19:29:47.514024,2026-08-27T19:29:56.464506,robot1,m3,s11
e20,Task,disinfect,2026-08-27T19:29:56.466280,2026-08-27T19:30:08.473348,robot1,m3,s11
e21,Control,move_to,2026-08-27T19:30:13.529094,2026-08-27T19:30:28.769195,robot1,m3,s12
e22,Task,disinfect,2026-08-27T19:30:28.771997,2026-08-27T19:30:34.781033,robot1,m3,s12
e23,Control,move_to,2026-08-27T19:30:37.534639,2026-08-27T19:31:12.471888,robot1,m3,s13
e24,Task,disinfect,2026-08-27T19:31:12.474874,2026-08-27T19:31:26.481794,robot1,m3,s13
e25,Control,undock,2026-08-27T19:24:49.519875,2026-08-27T19:24:53.523416,robot2,m3,s6
e26,Control,move_to,2026-08-27T19:24:53.524127,2026-08-27T19:25:20.363235,robot2,m3,s6
e27,Task,check_room,2026-08-27T19:25:20.365417,2026-08-27T19:25:29.371663,robot2,m3,s6
e28,Control,move_to,2026-08-27T19:25:29.506887,2026-08-27T19:25:41.175032,robot2,m3,s3
e29,Task,vacuum,2026-08-27T19:25:41.176714,2026-08-27T19:26:05.683586,robot2,m3,s3
e30,Control,move_to,2026-08-27T19:26:06.524799,2026-08-27T19:26:25.501100,robot2,m3,s6
e31,Task,vacuum,2026-08-27T19:26:25.502086,2026-08-27T19:26:46.506919,robot2,m3,s6
e32,Control,move_to,2026-08-27T19:26:47.528233,2026-08-27T19:27:17.544408,robot2,m3,s10
e33,Task,vacuum,2026-08-27T19:27:17.545331,2026-08-27T19:27:35.050268,robot2,m3,s10
e34,Control,move_to,2026-08-27T19:27:35.501947,2026-08-27T19:28:10.491589,robot2,m3,s6
e35,Task,disinfect,2026-08-27T19:28:10.492779,2026-08-27T19:28:22.500241,robot2,m3,s6
e36,Control,move_to,2026-08-27T19:28:23.508970,2026-08-27T19:29:02.910568,robot2,m3,s12
e37,Task,vacuum,2026-08-27T19:29:02.913505,2026-08-27T19:29:13.421685,robot2,m3,s12
e38,Control,move_to,2026-08-27T19:29:13.511298,2026-08-27T19:29:35.514556,robot2,m3,s15
e39,Task,vacuum,2026-08-27T19:29:35.515465,2026-08-27T19:29:53.020334,robot2,m3,s15
e40,Control,move_to,2026-08-27T19:30:16.505681,2026-08-27T19:30:29.929015,robot2,m3,s14
e41,Task,disinfect,2026-08-27T19:30:29.931803,2026-08-27T19:30:37.940919,robot2,m3,s14
e42,Control,move_to,2026-08-27T19:30:41.511003,2026-08-27T19:30:57.140699,robot2,m3,s15
e43,Task,disinfect,2026-08-27T19:30:57.143546,2026-08-27T19:31:07.151824,robot2,m3,s15
e44,Control,undock,2026-08-27T19:24:49.529097,2026-08-27T19:24:53.533516,robot3,m3,s7
e45,Control,move_to,2026-08-27T19:24:53.534050,2026-08-27T19:25:16.343087,robot3,m3,s7
e46,Task,check_room,2026-08-27T19:25:16.345323,2026-08-27T19:25:20.851887,robot3,m3,s7
e47,Control,move_to,2026-08-27T19:25:21.502465,2026-08-27T19:25:38.712907,robot3,m3,s1
e48,Task,vacuum,2026-08-27T19:25:38.715159,2026-08-27T19:25:59.723701,robot3,m3,s1
e49,Control,move_to,2026-08-27T19:26:00.503876,2026-08-27T19:26:16.637603,robot3,m3,s5
e50,Task,vacuum,2026-08-27T19:26:16.640475,2026-08-27T19:26:34.148432,robot3,m3,s5
e51,Control,move_to,2026-08-27T19:26:34.510378,2026-08-27T19:26:47.166164,robot3,m3,s9
e52,Task,vacuum,2026-08-27T19:26:47.167878,2026-08-27T19:27:01.172497,robot3,m3,s9
e53,Control,move_to,2026-08-27T19:27:01.507363,2026-08-27T19:27:21.211830,robot3,m3,s2
e54,Task,disinfect,2026-08-27T19:27:21.214769,2026-08-27T19:27:27.222175,robot3,m3,s2
e55,Control,move_to,2026-08-27T19:27:27.522649,2026-08-27T19:27:32.000385,robot3,m3,s4
e56,Task,disinfect,2026-08-27T19:27:32.002433,2026-08-27T19:27:40.009712,robot3,m3,s4
e57,Task,final_room_check,2026-08-27T19:27:40.509744,2026-08-27T19:27:46.513495,robot3,m3,s4
e58,Control,move_to,2026-08-27T19:27:47.539203,2026-08-27T19:27:50.374189,robot3,m3,s7
e59,Task,disinfect,2026-08-27T19:27:50.376317,2026-08-27T19:27:56.382820,robot3,m3,s7
e60,Task,final_room_check,2026-08-27T19:27:58.510107,2026-08-27T19:28:03.015935,robot3,m3,s7
e61,Control,move_to,2026-08-27T19:28:05.518159,2026-08-27T19:28:26.115125,robot3,m3,s9
e62,Task,disinfect,2026-08-27T19:28:26.117690,2026-08-27T19:28:34.122956,robot3,m3,s9
e63,Control,move_to,2026-08-27T19:28:34.514096,2026-08-27T19:28:52.959983,robot3,m3,s13
e64,Task,vacuum,2026-08-27T19:28:52.964136,2026-08-27T19:29:17.471848,robot3,m3,s13
e65,Control,undock,2026-08-27T19:24:49.546296,2026-08-27T19:24:53.549351,robot4,m3,s8
e66,Control,move_to,2026-08-27T19:24:53.549859,2026-08-27T19:25:10.047697,robot4,m3,s8
e67,Task,check_room,2026-08-27T19:25:10.050529,2026-08-27T19:25:20.557859,robot4,m3,s8
e68,Control,move_to,2026-08-27T19:25:21.516361,2026-08-27T19:26:11.640528,robot4,m3,s12
e69,Task,check_room,2026-08-27T19:26:11.642239,2026-08-27T19:26:16.147761,robot4,m3,s12
e70,Control,move_to,2026-08-27T19:26:27.500482,2026-08-27T19:27:12.851084,robot4,m3,s7
e71,Task,mop,2026-08-27T19:27:12.854076,2026-08-27T19:27:29.362546,robot4,m3,s7
e72,Control,move_to,2026-08-27T19:27:29.505223,2026-08-27T19:27:42.929035,robot4,m3,s5
e73,Task,disinfect,2026-08-27T19:27:42.931948,2026-08-27T19:27:52.940017,robot4,m3,s5
e74,Control,move_to,2026-08-27T19:27:58.506964,2026-08-27T19:28:20.053281,robot4,m3,s8
e75,Task,disinfect,2026-08-27T19:28:20.054052,2026-08-27T19:28:34.060815,robot4,m3,s8
e76,Control,move_to,2026-08-27T19:28:37.506959,2026-08-27T19:29:16.347028,robot4,m3,s10
e77,Task,disinfect,2026-08-27T19:29:16.349933,2026-08-27T19:29:26.358458,robot4,m3,s10
e78,Control,move_to,2026-08-27T19:29:31.509032,2026-08-27T19:29:53.877125,robot4,m3,s14
e79,Task,mop,2026-08-27T19:29:53.879974,2026-08-27T19:30:15.886875,robot4,m3,s14
e80,Control,undock,2026-08-27T19:24:49.595808,2026-08-27T19:24:53.599182,robot5,m3,s9
e81,Control,move_to,2026-08-27T19:24:53.599877,2026-08-27T19:25:39.210270,robot5,m3,s9
e82,Task,check_room,2026-08-27T19:25:39.211185,2026-08-27T19:25:45.217797,robot5,m3,s9
e83,Control,move_to,2026-08-27T19:25:45.495638,2026-08-27T19:26:05.603152,robot5,m3,s15
e84,Task,check_room,2026-08-27T19:26:05.605352,2026-08-27T19:26:13.111365,robot5,m3,s15
e85,Control,move_to,2026-08-27T19:26:36.520282,2026-08-27T19:26:56.626931,robot5,m3,s5
e86,Task,mop,2026-08-27T19:26:56.629386,2026-08-27T19:27:24.140604,robot5,m3,s5
e87,Control,move_to,2026-08-27T19:27:24.502852,2026-08-27T19:27:50.122926,robot5,m3,s1
e88,Task,disinfect,2026-08-27T19:27:50.125746,2026-08-27T19:28:02.150115,robot5,m3,s1
e89,Control,undock,2026-08-27T19:24:49.506150,2026-08-27T19:24:53.511214,robot6,m3,s1
e90,Control,move_to,2026-08-27T19:24:53.512108,2026-08-27T19:25:02.462505,robot6,m3,s1
e91,Task,check_room,2026-08-27T19:25:02.464619,2026-08-27T19:25:11.469868,robot6,m3,s1
e92,Control,move_to,2026-08-27T19:25:11.546596,2026-08-27T19:25:45.786286,robot6,m3,s10
e93,Task,check_room,2026-08-27T19:25:45.788380,2026-08-27T19:25:53.294627,robot6,m3,s10
e94,Control,move_to,2026-08-27T19:25:53.504674,2026-08-27T19:26:32.344663,robot6,m3,s2
e95,Task,mop,2026-08-27T19:26:32.348099,2026-08-27T19:26:48.857234,robot6,m3,s2
e96,Control,move_to,2026-08-27T19:26:49.503536,2026-08-27T19:26:58.452677,robot6,m3,s6
e97,Task,mop,2026-08-27T19:26:58.454758,2026-08-27T19:27:31.463343,robot6,m3,s6
e98,Control,move_to,2026-08-27T19:27:37.505541,2026-08-27T19:28:07.510547,robot6,m3,s10
e99,Task,mop,2026-08-27T19:28:07.511787,2026-08-27T19:28:35.018349,robot6,m3,s10
e100,Control,move_to,2026-08-27T19:29:02.545451,2026-08-27T19:29:11.495582,robot6,m3,s11
e101,Task,mop,2026-08-27T19:29:11.497288,2026-08-27T19:29:44.505028,robot6,m3,s11
e102,Control,move_to,2026-08-27T19:29:55.533048,2026-08-27T19:30:11.663577,robot6,m3,s15
e103,Task,mop,2026-08-27T19:30:11.665993,2026-08-27T19:30:39.173472,robot6,m3,s15
e104,Task,final_room_check,2026-08-27T19:31:09.519000,2026-08-27T19:31:17.026701,robot6,m3,s15
e105,Control,move_to,2026-08-27T19:31:28.535709,2026-08-27T19:31:46.982184,robot6,m3,s13
e106,Task,final_room_check,2026-08-27T19:31:46.984679,2026-08-27T19:31:57.492806,robot6,m3,s13
e107,Control,undock,2026-08-27T19:24:49.504567,2026-08-27T19:24:53.509547,robot7,m3,s2
e108,Control,move_to,2026-08-27T19:24:53.510342,2026-08-27T19:25:15.877620,robot7,m3,s2
e109,Task,check_room,2026-08-27T19:25:15.879524,2026-08-27T19:25:20.386705,robot7,m3,s2
e110,Control,move_to,2026-08-27T19:25:20.510813,2026-08-27T19:25:50.042190,robot7,m3,s11
e111,Task,check_room,2026-08-27T19:25:50.042929,2026-08-27T19:25:59.049462,robot7,m3,s11
e112,Control,move_to,2026-08-27T19:26:00.501407,2026-08-27T19:26:40.216743,robot7,m3,s1
e113,Task,mop,2026-08-27T19:26:40.219665,2026-08-27T19:27:13.226411,robot7,m3,s1
e114,Control,move_to,2026-08-27T19:27:29.543915,2026-08-27T19:27:41.712099,robot7,m3,s2
e115,Task,final_room_check,2026-08-27T19:27:41.712998,2026-08-27T19:27:46.216068,robot7,m3,s2
e116,Control,move_to,2026-08-27T19:27:55.527326,2026-08-27T19:28:10.093609,robot7,m3,s5
e117,Task,final_room_check,2026-08-27T19:28:10.096259,2026-08-27T19:28:17.604308,robot7,m3,s5
e118,Control,move_to,2026-08-27T19:28:25.515144,2026-08-27T19:28:37.518502,robot7,m3,s6
e119,Task,final_room_check,2026-08-27T19:28:37.519367,2026-08-27T19:28:46.522732,robot7,m3,s6
e120,Control,move_to,2026-08-27T19:29:15.507937,2026-08-27T19:29:54.909711,robot7,m3,s12
e121,Task,mop,2026-08-27T19:29:54.912561,2026-08-27T19:30:11.420464,robot7,m3,s12
e122,Task,final_room_check,2026-08-27T19:30:37.535285,2026-08-27T19:30:42.044204,robot7,m3,s12
e123,Control,undock,2026-08-27T19:24:49.506513,2026-08-27T19:24:53.510335,robot8,m3,s3
e124,Control,move_to,2026-08-27T19:24:53.511538,2026-08-27T19:25:16.321161,robot8,m3,s3
e125,Task,check_room,2026-08-27T19:25:16.323396,2026-08-27T19:25:26.829587,robot8,m3,s3
e126,Control,move_to,2026-08-27T19:25:27.507772,2026-08-27T19:26:02.442986,robot8,m3,s14
e127,Task,check_room,2026-08-27T19:26:02.443882,2026-08-27T19:26:08.448007,robot8,m3,s14
e128,Control,move_to,2026-08-27T19:26:13.533586,2026-08-27T19:26:43.272883,robot8,m3,s4
e129,Task,mop,2026-08-27T19:26:43.275598,2026-08-27T19:27:05.280868,robot8,m3,s4
e130,Control,move_to,2026-08-27T19:27:07.504982,2026-08-27T19:27:19.507948,robot8,m3,s8
e131,Task,mop,2026-08-27T19:27:19.508900,2026-08-27T19:27:58.014555,robot8,m3,s8
e132,Control,move_to,2026-08-27T19:28:04.512812,2026-08-27T19:28:08.516806,robot8,m3,s1
e133,Task,final_room_check,2026-08-27T19:28:08.517910,2026-08-27T19:28:17.523146,robot8,m3,s1
e134,Control,move_to,2026-08-27T19:28:34.514529,2026-08-27T19:28:43.465665,robot8,m3,s8
e135,Task,final_room_check,2026-08-27T19:28:43.468702,2026-08-27T19:28:53.973603,robot8,m3,s8
e136,Control,move_to,2026-08-27T19:29:19.511367,2026-08-27T19:29:56.880818,robot8,m3,s13
e137,Task,mop,2026-08-27T19:29:56.883324,2026-08-27T19:30:35.391663,robot8,m3,s13
e138,Control,move_to,2026-08-27T19:30:38.506845,2026-08-27T19:31:03.254539,robot8,m3,s14
e139,Task,final_room_check,2026-08-27T19:31:03.256770,2026-08-27T19:31:09.264171,robot8,m3,s14
e140,Control,undock,2026-08-27T19:24:49.508370,2026-08-27T19:24:53.511447,robot9,m3,s4
e141,Control,move_to,2026-08-27T19:24:53.512306,2026-08-27T19:25:17.599674,robot9,m3,s4
e142,Task,check_room,2026-08-27T19:25:17.600312,2026-08-27T19:25:23.604893,robot9,m3,s4
e143,Control,move_to,2026-08-27T19:25:24.504018,2026-08-27T19:25:48.594916,robot9,m3,s13
e144,Task,check_room,2026-08-27T19:25:48.597539,2026-08-27T19:25:59.103616,robot9,m3,s13
e145,Control,move_to,2026-08-27T19:26:06.511719,2026-08-27T19:26:17.832089,robot9,m3,s3
e146,Task,mop,2026-08-27T19:26:17.834653,2026-08-27T19:26:56.341653,robot9,m3,s3
e147,Control,move_to,2026-08-27T19:27:03.550483,2026-08-27T19:27:40.760722,robot9,m3,s9
e148,Task,mop,2026-08-27T19:27:40.762615,2026-08-27T19:28:02.770467,robot9,m3,s9
e149,Task,final_room_check,2026-08-27T19:28:36.520565,2026-08-27T19:28:42.524967,robot9,m3,s9
e150,Control,move_to,2026-08-27T19:29:28.515765,2026-08-27T19:29:49.782605,robot9,m3,s10
e151,Task,final_room_check,2026-08-27T19:29:49.785029,2026-08-27T19:29:57.292053,robot9,m3,s10
e152,Control,move_to,2026-08-27T19:30:10.535638,2026-08-27T19:30:19.485348,robot9,m3,s11
e153,Task,final_room_check,2026-08-27T19:30:19.487829,2026-08-27T19:30:28.495677,robot9,m3,s11
